file,url,original,note,orientation,author_name,author_bilibili,author_weibo,author_twitter,author_pixiv
981403853301cb213c5e4c21e78febfd9a639221,/wallpaper/981403853301cb213c5e4c21e78febfd9a639221.webp,https://t.bilibili.com/660055663585525828,,landscape,抹茶專門店AM,https://space.bilibili.com/653812,https://weibo.com/mochancc,https://twitter.com/matchach,
b2c587dfd00b4839c4f0e4b639883dbac95b3ab5,/wallpaper/b2c587dfd00b4839c4f0e4b639883dbac95b3ab5.webp,https://t.bilibili.com/554335387200029634,,landscape,抹茶專門店AM,https://space.bilibili.com/653812,https://weibo.com/mochancc,https://twitter.com/matchach,
ae6ae5cdda61bc2bf7f903dedbd19d9957cadbed,/wallpaper/ae6ae5cdda61bc2bf7f903dedbd19d9957cadbed.webp,https://t.bilibili.com/660055663585525828,,landscape,抹茶專門店AM,https://space.bilibili.com/653812,https://weibo.com/mochancc,https://twitter.com/matchach,
3dd0aeff626d08aa62d61030d8ffa03b00acaf6c,/wallpaper/3dd0aeff626d08aa62d61030d8ffa03b00acaf6c.webp,https://t.bilibili.com/554335387200029634,,landscape,抹茶專門店AM,https://space.bilibili.com/653812,https://weibo.com/mochancc,https://twitter.com/matchach,
3dd0aeff626d08aa62d61030d8ffa03b00acaf6c_p,/wallpaper/3dd0aeff626d08aa62d61030d8ffa03b00acaf6c_p.webp,https://t.bilibili.com/554335387200029634,,portrait,抹茶專門店AM,https://space.bilibili.com/653812,https://weibo.com/mochancc,https://twitter.com/matchach,
8f809a660269eb59c29ff58e5f3003cc2fb99928,/wallpaper/8f809a660269eb59c29ff58e5f3003cc2fb99928.webp,https://t.bilibili.com/554335387200029634,,portrait,抹茶專門店AM,https://space.bilibili.com/653812,https://weibo.com/mochancc,https://twitter.com/matchach,
9ff39bbf232693ed4c5ee10334182573fdc9cd69,/wallpaper/9ff39bbf232693ed4c5ee10334182573fdc9cd69.webp,https://t.bilibili.com/554335387200029634,,portrait,抹茶專門店AM,https://space.bilibili.com/653812,https://weibo.com/mochancc,https://twitter.com/matchach,
bfdda6ffdd9b083c9ba818f0ba352b62db9c7f76,/wallpaper/bfdda6ffdd9b083c9ba818f0ba352b62db9c7f76.webp,https://t.bilibili.com/554335387200029634,,landscape,抹茶專門店AM,https://space.bilibili.com/653812,https://weibo.com/mochancc,https://twitter.com/matchach,
bfdda6ffdd9b083c9ba818f0ba352b62db9c7f76_p,/wallpaper/bfdda6ffdd9b083c9ba818f0ba352b62db9c7f76_p.webp,https://t.bilibili.com/554335387200029634,,portrait,抹茶專門店AM,https://space.bilibili.com/653812,https://weibo.com/mochancc,https://twitter.com/matchach,
c51b238b30f113868badd91c0a7e8ffc20787cf7,/wallpaper/c51b238b30f113868badd91c0a7e8ffc20787cf7.webp,https://t.bilibili.com/554335387200029634,,landscape,抹茶專門店AM,https://space.bilibili.com/653812,https://weibo.com/mochancc,https://twitter.com/matchach,
c51b238b30f113868badd91c0a7e8ffc20787cf7_p,/wallpaper/c51b238b30f113868badd91c0a7e8ffc20787cf7_p.webp,https://t.bilibili.com/554335387200029634,,portrait,抹茶專門店AM,https://space.bilibili.com/653812,https://weibo.com/mochancc,https://twitter.com/matchach,
d1eee9d78c4b34f10ed38d990d6bca9e85532a8e,/wallpaper/d1eee9d78c4b34f10ed38d990d6bca9e85532a8e.webp,https://t.bilibili.com/554335387200029634,,landscape,抹茶專門店AM,https://space.bilibili.com/653812,https://weibo.com/mochancc,https://twitter.com/matchach,
d1eee9d78c4b34f10ed38d990d6bca9e85532a8e_p,/wallpaper/d1eee9d78c4b34f10ed38d990d6bca9e85532a8e_p.webp,https://t.bilibili.com/554335387200029634,,portrait,抹茶專門店AM,https://space.bilibili.com/653812,https://weibo.com/mochancc,https://twitter.com/matchach,
e02c0b88efb96bbce86d1ba664e8cacd66b67df9,/wallpaper/e02c0b88efb96bbce86d1ba664e8cacd66b67df9.webp,https://t.bilibili.com/554335387200029634,,portrait,抹茶專門店AM,https://space.bilibili.com/653812,https://weibo.com/mochancc,https://twitter.com/matchach,
e55365f9a2fe2d078114194885a553b75715b432,/wallpaper/e55365f9a2fe2d078114194885a553b75715b432.webp,https://t.bilibili.com/554335387200029634,,landscape,抹茶專門店AM,https://space.bilibili.com/653812,https://weibo.com/mochancc,https://twitter.com/matchach,
fc0390941c24a6ab981c1956d07d12e8a6d1937d,/wallpaper/fc0390941c24a6ab981c1956d07d12e8a6d1937d.webp,https://t.bilibili.com/630681802518822915,,landscape,抹茶專門店AM,https://space.bilibili.com/653812,https://weibo.com/mochancc,https://twitter.com/matchach,
99bfda2858aad07fca46cd92c852ada20c5f8a7e,/wallpaper/99bfda2858aad07fca46cd92c852ada20c5f8a7e.webp,https://t.bilibili.com/629216071823836879,《哈索尔》,landscape,叁时-,https://space.bilibili.com/29113241,,,
971c76049c0205b87219829329858aaa849e7422,/wallpaper/971c76049c0205b87219829329858aaa849e7422.webp,https://t.bilibili.com/629216071823836879,《哈索尔》,landscape,叁时-,https://space.bilibili.com/29113241,,,
971c76049c0205b87219829329858aaa849e7422_p,/wallpaper/971c76049c0205b87219829329858aaa849e7422_p.webp,https://t.bilibili.com/629216071823836879,《哈索尔》,portrait,叁时-,https://space.bilibili.com/29113241,,,
5186dfc602b75f411b0b542c0e56be7fb12dc88b,/wallpaper/5186dfc602b75f411b0b542c0e56be7fb12dc88b.webp,https://t.bilibili.com/629216071823836879,《哈索尔》,landscape,叁时-,https://space.bilibili.com/29113241,,,
c9eaf0d9834fda880bffb901135069073f914214,/wallpaper/c9eaf0d9834fda880bffb901135069073f914214.webp,https://t.bilibili.com/629216071823836879,《哈索尔》,landscape,叁时-,https://space.bilibili.com/29113241,,,
d7e573859c0c69ee05830243f672b34b01259273,/wallpaper/d7e573859c0c69ee05830243f672b34b01259273.webp,https://t.bilibili.com/629216071823836879,《哈索尔》,landscape,叁时-,https://space.bilibili.com/29113241,,,
咩栗的偶像宣言 (1),/wallpaper/咩栗的偶像宣言 (1).webp,https://t.bilibili.com/622661264544455404,,landscape,【咩栗周年贺】咩栗的偶像宣言,https://www.bilibili.com/video/BV1Hm4y1S7uX/,,,
咩栗的偶像宣言 (2),/wallpaper/咩栗的偶像宣言 (2).webp,https://t.bilibili.com/622661264544455404,,landscape,【咩栗周年贺】咩栗的偶像宣言,https://www.bilibili.com/video/BV1Hm4y1S7uX/,,,
咩栗的偶像宣言 (3),/wallpaper/咩栗的偶像宣言 (3).webp,https://t.bilibili.com/622661264544455404,,landscape,【咩栗周年贺】咩栗的偶像宣言,https://www.bilibili.com/video/BV1Hm4y1S7uX/,,,
咩栗的偶像宣言 (3)_p,/wallpaper/咩栗的偶像宣言 (3)_p.webp,https://t.bilibili.com/622661264544455404,,portrait,【咩栗周年贺】咩栗的偶像宣言,https://www.bilibili.com/video/BV1Hm4y1S7uX/,,,
咩栗的偶像宣言 (4),/wallpaper/咩栗的偶像宣言 (4).webp,https://t.bilibili.com/622661264544455404,,landscape,【咩栗周年贺】咩栗的偶像宣言,https://www.bilibili.com/video/BV1Hm4y1S7uX/,,,
咩栗的偶像宣言 (5),/wallpaper/咩栗的偶像宣言 (5).webp,https://t.bilibili.com/622661264544455404,,landscape,【咩栗周年贺】咩栗的偶像宣言,https://www.bilibili.com/video/BV1Hm4y1S7uX/,,,
咩栗的偶像宣言 (6),/wallpaper/咩栗的偶像宣言 (6).webp,https://t.bilibili.com/622661264544455404,,landscape,【咩栗周年贺】咩栗的偶像宣言,https://www.bilibili.com/video/BV1Hm4y1S7uX/,,,
咩栗的偶像宣言 (7),/wallpaper/咩栗的偶像宣言 (7).webp,https://t.bilibili.com/622661264544455404,,landscape,【咩栗周年贺】咩栗的偶像宣言,https://www.bilibili.com/video/BV1Hm4y1S7uX/,,,
时光盲盒 (1),/wallpaper/时光盲盒 (1).webp,https://t.bilibili.com/627025741589527377,,landscape,【呜米x咩栗】时光盲盒【二周年】,https://www.bilibili.com/video/BV1ye411T7nd/,,,
时光盲盒 (2),/wallpaper/时光盲盒 (2).webp,https://t.bilibili.com/627025741589527377,,landscape,【呜米x咩栗】时光盲盒【二周年】,https://www.bilibili.com/video/BV1ye411T7nd/,,,
时光盲盒 (3),/wallpaper/时光盲盒 (3).webp,https://t.bilibili.com/627025741589527377,,landscape,【呜米x咩栗】时光盲盒【二周年】,https://www.bilibili.com/video/BV1ye411T7nd/,,,
时光盲盒 (4),/wallpaper/时光盲盒 (4).webp,https://t.bilibili.com/627025741589527377,,landscape,【呜米x咩栗】时光盲盒【二周年】,https://www.bilibili.com/video/BV1ye411T7nd/,,,
时光盲盒 (5),/wallpaper/时光盲盒 (5).webp,https://t.bilibili.com/627025741589527377,,landscape,【呜米x咩栗】时光盲盒【二周年】,https://www.bilibili.com/video/BV1ye411T7nd/,,,
时光盲盒 (6),/wallpaper/时光盲盒 (6).webp,https://t.bilibili.com/627025741589527377,,landscape,【呜米x咩栗】时光盲盒【二周年】,https://www.bilibili.com/video/BV1ye411T7nd/,,,
时光盲盒 (7),/wallpaper/时光盲盒 (7).webp,https://t.bilibili.com/627025741589527377,,landscape,【呜米x咩栗】时光盲盒【二周年】,https://www.bilibili.com/video/BV1ye411T7nd/,,,
时光盲盒 (8),/wallpaper/时光盲盒 (8).webp,https://t.bilibili.com/627025741589527377,,landscape,【呜米x咩栗】时光盲盒【二周年】,https://www.bilibili.com/video/BV1ye411T7nd/,,,
时光盲盒 (9),/wallpaper/时光盲盒 (9).webp,https://t.bilibili.com/627025741589527377,,landscape,【呜米x咩栗】时光盲盒【二周年】,https://www.bilibili.com/video/BV1ye411T7nd/,,,
时光盲盒 (10),/wallpaper/时光盲盒 (10).webp,https://t.bilibili.com/627025741589527377,,landscape,【呜米x咩栗】时光盲盒【二周年】,https://www.bilibili.com/video/BV1ye411T7nd/,,,
时光盲盒 (11),/wallpaper/时光盲盒 (11).webp,https://t.bilibili.com/627025741589527377,,landscape,【呜米x咩栗】时光盲盒【二周年】,https://www.bilibili.com/video/BV1ye411T7nd/,,,
时光盲盒 (12),/wallpaper/时光盲盒 (12).webp,https://t.bilibili.com/627025741589527377,,landscape,【呜米x咩栗】时光盲盒【二周年】,https://www.bilibili.com/video/BV1ye411T7nd/,,,
时光盲盒 (13),/wallpaper/时光盲盒 (13).webp,https://t.bilibili.com/627025741589527377,,landscape,【呜米x咩栗】时光盲盒【二周年】,https://www.bilibili.com/video/BV1ye411T7nd/,,,
时光盲盒 (13)_p,/wallpaper/时光盲盒 (13)_p.webp,https://t.bilibili.com/627025741589527377,,portrait,【呜米x咩栗】时光盲盒【二周年】,https://www.bilibili.com/video/BV1ye411T7nd/,,,
时光盲盒 (14),/wallpaper/时光盲盒 (14).webp,https://t.bilibili.com/627025741589527377,,landscape,【呜米x咩栗】时光盲盒【二周年】,https://www.bilibili.com/video/BV1ye411T7nd/,,,
时光盲盒 (14)_p,/wallpaper/时光盲盒 (14)_p.webp,https://t.bilibili.com/627025741589527377,,portrait,【呜米x咩栗】时光盲盒【二周年】,https://www.bilibili.com/video/BV1ye411T7nd/,,,
时光盲盒 (15),/wallpaper/时光盲盒 (15).webp,https://t.bilibili.com/627025741589527377,,landscape,【呜米x咩栗】时光盲盒【二周年】,https://www.bilibili.com/video/BV1ye411T7nd/,,,
